transfer_mode__,humidity__all13,humidity__top5_k1,humidity__top5_k2,humidity__top5_k3,humidity__top5_k5,temperature__all13,temperature__top5_k1,temperature__top5_k2,temperature__top5_k3,temperature__top5_k5
full_finetune,0.9723858725187473,0.8175558160203747,0.95709714198525,0.9626280768616553,0.9685311079965505,0.9845853859637875,0.8788164286473424,0.9740524992920173,0.9777873987941798,0.9810038744063686
head_only,0.8901714206766947,0.7828218143679806,0.8740019202814302,0.8916161764820345,0.8829573891871579,0.9401229423365933,0.7810573411504406,0.9306539718760913,0.9353334739123152,0.9352668220350946
lab1_reference,0.9853885683791627,0.8807865809196775,0.9604146526898546,0.9702015579779667,0.9756690494752261,0.9651269565431614,0.8059288241232583,0.9108275251941074,0.9265585839043233,0.9443522392117194
partial_finetune,0.8269983381426369,0.7579952463845975,0.8317419257320976,0.8435131598890843,0.8283234458924419,0.9050853164181637,0.7842729352827158,0.9099060082760649,0.9118536909458852,0.9080850745320352
zero_shot,0.8669384106376037,0.614894864607742,0.8463279708239376,0.8390533002079407,0.8522821063503173,0.9022383682504114,0.6295078385700738,0.8818439168054033,0.8861413692964926,0.888455309003937
