transfer_mode__,humidity__all13,humidity__top5_k1,humidity__top5_k2,humidity__top5_k3,humidity__top5_k5,temperature__all13,temperature__top5_k1,temperature__top5_k2,temperature__top5_k3,temperature__top5_k5
full_finetune,0.9855834586832478,0.9032726084722814,0.9778430281240602,0.9823944444327404,0.983858113032985,0.9806878997766812,0.8966220121410359,0.9743600528178996,0.9781582552307126,0.9777419283047232
head_only,0.9674475580008625,0.8819369709223011,0.9639489783449633,0.9685681730551847,0.9648728898545119,0.9598458009131542,0.8659332411887707,0.9522153685386279,0.9589226085144915,0.9557118184801849
lab1_reference,0.986320154318322,0.8823647402204495,0.9661857175394392,0.975527344169576,0.978773727512432,0.9510688923113234,0.7662065623604665,0.8962455309719269,0.9231567495263124,0.9316200623797808
partial_finetune,0.9746580310003492,0.8939798463538258,0.9688608741083972,0.9747706522828707,0.9733896840854118,0.969658118360896,0.8798544385681606,0.9632115674548152,0.9683678009297237,0.9678695650358831
zero_shot,0.8890321730954429,0.5374365607016232,0.8653208715489912,0.8635220552691155,0.8761588627412943,0.8328201208935107,0.477188904400944,0.808519874324735,0.819857297956476,0.8248386676181253
