Variable,RMSE,MAE,R2
Temperature,0.18161554227737609,0.13030044524002132,0.963545419804521
Humidity,0.6464327120842505,0.4486028751267563,0.9803172450081152
