transfer_mode__,humidity__all13,humidity__top5_k2,humidity__top5_k3,humidity__top5_k5,temperature__all13,temperature__top5_k2,temperature__top5_k3,temperature__top5_k5
full_finetune,0.9855902093037733,0.9778421788382576,0.9823914976065327,0.9838570648046593,0.9806811028965471,0.9743313189832958,0.9781328890321366,0.9777129161727892
head_only,0.9675844605272588,0.9640079608350263,0.9686168659946965,0.9649293632278543,0.9598177326664435,0.9521399593705727,0.9588475358959199,0.9556978862966279
lab1_reference,0.9863056017990707,0.9662009394948295,0.9755462921825988,0.9787832494282818,0.9510717460049822,0.8962986376349956,0.9232321174609235,0.931671045552713
partial_finetune,0.9747761684227372,0.9689581773758918,0.9748316020364063,0.9734630916295239,0.9696894814084506,0.9631966807423421,0.9683175471255087,0.9678658196695238
zero_shot,0.8890651920605551,0.8653359778632848,0.8635426729450169,0.8762259650568547,0.8327428894251414,0.8083825183293456,0.8197794457233882,0.8247149827428005
